<?xml version="1.0" encoding="UTF-8"?>
<project-private xmlns="http://www.netbeans.org/ns/project-private/1">
    <editor-bookmarks xmlns="http://www.netbeans.org/ns/editor-bookmarks/2" lastBookmarkId="0"/>
    <open-files xmlns="http://www.netbeans.org/ns/projectui-open-files/2">
        <group>
            <file>file:/C:/Users/Whilsy/Documents/NetBeansProjects/Final123Project/src/final123project/Application.java</file>
            <file>file:/C:/Users/Whilsy/Documents/NetBeansProjects/Final123Project/src/final123project/Stops.java</file>
            <file>file:/C:/Users/Whilsy/Documents/NetBeansProjects/Final123Project/src/final123project/Generatefromfiles.java</file>
            <file>file:/C:/Users/Whilsy/Documents/NetBeansProjects/Final123Project/src/final123project/Final123Project.java</file>
            <file>file:/C:/Users/Whilsy/Documents/NetBeansProjects/Final123Project/src/final123project/Graph.java</file>
            <file>file:/C:/Users/Whilsy/Documents/NetBeansProjects/Final123Project/src/final123project/Route.java</file>
        </group>
    </open-files>
</project-private>
